Term,Dolma,Pile,RPJ
shoulder,46715488,6281580,17584917
counter,145839346,16065448,61335118
joint,107386330,11265186,47121684
helicopter,11902584,1215405,7725088
varicose veins,1146026,54969,233120
transbronchial,58555,24939,22017
apnea,4278049,404570,1058618
optimistic,15263801,1099220,7703312
major,329832132,29676465,168712549
muscle power,286174,30477,84166
perineal,469984,101349,121081
type 2 diabetes,9440630,1004017,2093703
chemotherapeutices,4,2,0
enterocolitis,201378,60648,105350
hypertension,14471590,3186976,4027141
delivery mode,86499,14797,28632
confined placental mosaicism,2401,879,696
reading comprehension,1443653,68806,430252
treatment,325248072,50821423,115130476
hospice care,766531,43422,313989
three months,22727337,1991122,11995871
hirschsprung ' s disease,0,0,0
valvar,17360,5120,7712
reflux resolution,614,399,278
ototoxic,78223,17058,26253
third,289977180,35187940,156808011
distal ureteral diameter,65,31,16
arginine,2100311,500441,398552
disability,30268241,3939628,17014533
elderly patients,1252470,358331,538748
follicle assessment,154,32,26
intracranial,1823079,634803,725998
better,821046215,57731499,284077459
exist,100410660,15667614,49575970
creatinine,2244061,948052,840817
contralateral knee,9545,5292,2705
tobacco,23437850,2683792,10803387
remote,83690343,6526436,31276083
phagocytic,405627,200449,127543
cell,251880686,72501235,90006633
posterior longitudinal ligament,27929,12719,11117
motor vehicle collisions,61276,5083,31257
ischemic,3545146,1499092,1308352
psychophysiological responses,7027,2353,3016
circumcision,2122539,282770,1267689
intestinal,9336675,2583699,2990902
mesial,245915,92408,77801
defecatory symptoms,601,227,140
compensated,7901211,934698,2832731
alexithymia,129144,49094,56876
difference between,58562232,7982518,21774693
hypotension,1694205,371876,667104
cone beam,119816,26554,46082
modal,10800225,1879921,4756887
mastoidectomy,33538,11390,12768
dental health,1739003,58764,347263
endotracheal,470516,168811,176558
coronary,11320143,3189897,3962323
kidneys,6741329,890764,1998473
condition,233760908,28049307,75214976
unintended pregnancy,173623,31992,108779
protein synthesis,1910757,543733,577609
fenofibrate,206483,53925,80251
zeolite hemostatic,95,22,20
stress,172715637,17443734,45641191
osteoarthritis,3118374,433270,1104514
antibiotics,15000980,2322678,5513929
pet,155794760,20627437,60374729
epilepsy,6634511,1089178,2719103
frozen section,144680,40599,40021
radiographs,1136835,410841,379918
external reinforcement,9173,1190,3299
local,576212012,50794445,259711854
labral,151996,38704,46389
discharge,24563313,5409506,9285543
wife,159234584,16859697,84362231
polyp,1240975,368259,445792
nephrectomy,424638,181793,130033
beta,29197048,5654164,9631989
percutaneous coronary,344130,129941,174404
single - valve,4,0,0
the,79394365080,9229350572,38462226674
anterior cruciate ligament reconstruction,52461,15069,25075
blood pressure,45453113,3339162,6870210
pathologic,1295053,556086,465908
cell death,3682613,1874836,1349552
supremea®?,0,0,0
all,4592437048,381250462,1777898973
prostate,16876611,2943872,5194562
it,11692851565,1002954157,4465665961
thrombus,796593,354894,230802
intensive,22428644,2423986,9495651
general surgery,485188,53276,242725
colorectal carcinoma,139659,68835,52279
molar relationship,9918,4265,2914
pulmonary,12639959,3817644,4715155
air,509145081,40761008,203267668
of,43498098497,5242504657,22163131265
severity,19008553,4098450,7578471
tli,229050,21643,23870
myelopathy,226233,72045,79505
arsenic,2960431,556408,1527804
vaccination status,661842,33395,370798
barium,1006363,221999,341606
creep,16853190,1347724,7710847
arch form,19345,4209,7515
longer,282344259,25005226,108211496
miralax,38004,408,3997
racial disparities,415909,41330,370794
hemorrhage,3026649,996877,1316569
mastectomy,1170108,196545,437852
choroidal thickness,59491,28131,11716
cytoreductive surgery,60938,22073,21894
ropivacaine,122963,52967,43978
antiphospholipid,233143,58837,75880
neonatal intensive care unit,229363,47881,126174
5 mg daily,127586,18567,46752
scl,5652617,1118238,2676492
colon cancer,2372945,579624,938914
pancreatectomy,111594,52928,32646
increasing,177929419,22678000,84723720
two,1635742349,209789447,806819699
conceived,9361730,1791635,6300494
agent,90223304,11999535,39318830
working in,45735665,2693343,21985033
antiretroviral therapy,684525,187079,427128
inflammation,30251174,4979808,7992222
fasting,10206442,1358280,2955381
grade?,279152,10459,79691
neoplastic polyp,517,239,143
stiffness,7353135,1324263,2046765
midshaft,53275,15757,11415
reducing,63693218,6973995,24501421
complications,27691721,5052282,10019724
laparotomies,22265,10238,7045
after,1537744277,170047145,730955895
muscle,77743358,9750852,18703895
surgery,86193973,11509600,30327163
self,538650494,54445187,201135113
cerebellar,1154312,548021,459749
growth hormone deficiency,110092,16079,35642
bone thickness,66899,15433,10078
esophagitis,361466,89671,123029
radiologists,1100028,212079,489073
shaving,5534813,336038,1267544
neonatal,4270351,1316277,1878101
quality of life,18896839,2155766,8087196
incontinence,2954313,441040,876650
viral,26719790,5481548,11702141
ige against,3616,338,1645
cigarette packages,29628,6710,23236
acid,95688932,23368302,31806493
nasal tip,69738,14241,16741
shape analysis,66254,19238,28279
immunohistochemistry,1290733,779051,429357
aortic stenosis,284936,75505,117386
animal model,862324,425716,357284
clinical supervision,194282,12993,72987
web,429122284,17459491,87664418
gender dimorphism,4557,1527,2288
terminally,1380312,201303,862474
well differentiated,79268,36066,25493
androgen deficiency,46577,7570,13911
austere environments,22100,1910,13634
melanomas,441039,156405,160115
anastomosis,740539,371348,216585
esc,101906241,5410008,18283291
universal,35324966,4729445,19023157
- concentration,7916,724,4044
endometrial,1946611,637392,705288
surgical management,313936,96438,114649
in vitro,13604607,4335046,4887181
molluscum,99229,8046,28154
macrosomia,94861,31810,30841
women,497457967,42420859,239462294
intoxicated,2927574,523947,1490148
rhythm,18429319,1970874,9787614
boycott,3997587,510462,3669757
blood flow,10732775,1513398,2248398
guidewires,45371,17236,15173
unresponsive,2235364,278225,917721
abortion,23760591,2578411,17824404
vlem,4254,41,729
antagonist,4759376,1375736,2268553
tonsillectomy,220978,49640,84807
end,996513199,108571686,433647898
compressive,3298643,468942,604639
safe,254807458,13285386,75644973
supervised,8502652,1571769,4329779
airway surgery,10650,2082,4178
body mass index,2151289,877463,799324
cromones,1268,487,1083
xanthogranulomatous,11165,5017,4645
total,315852786,42374614,135884853
melanoma,5053277,1534456,2016564
decompressive,73102,29688,24782
swedish,1289651,24201,154003
quality,625661287,25897931,148761968
fine,207056655,19579635,69889706
wheezing,1224790,200208,422931
driving convictions,33068,2680,16705
anglia,70433,807,19470
provider,106911692,4375390,32257598
international association of the diabetes,41,2,25
tubular,4409421,1379877,1461418
laparoscopic sleeve,28310,7025,10471
infection,73003180,14173146,26136861
disease,189866649,32957102,85991920
general,300367726,44916976,149898607
radiographic transition zone,66,19,20
neck,87072971,8025868,24309850
body diffusion - weighted,0,0,0
serum paraoxonase,5543,2344,1920
sublingual,941561,81190,190830
optimism,8436699,719460,5276884
revascularization,696869,298811,293301
magnetic resonance,3183425,1279192,1531549
opioid response,7355,877,5535
asthma,15270192,2420107,5411647
congenital anomalies,220472,62663,99943
major depressive episode,92219,19073,55266
personality disorder,1525329,208403,744351
australian aborigines,1729,48,810
practicing surgeon,8653,896,5954
90 - r,403,1024,55
anaphylactic shock,194049,24352,83918
rt,4120409,758430,892362
dose,59434213,10686958,20188228
nonenhanced,11443,5305,4795
moderate,34499169,5251137,13800835
general anesthesia,1176151,246230,356826
ambulance,7743727,911435,4506510
dialysis,4579894,1064015,1906984
schizophrenia,5829463,1471781,3002135
adopter,947317,86575,467278
peritoneal,1750478,764292,593659
resection,4221330,1992976,1245925
bowel syndrome,1009616,123744,397712
led,183091331,19597544,111436643
agitation,3952642,653568,1718891
noisier,394434,45437,149838
evidence,176944195,52537685,118010430
early adolescent,36602,6670,21196
water - induced,7,0,3
combined modality,30247,12541,12096
blue,163926607,15443560,55305941
bacterial colonization,79666,33053,26161
high,1123939495,97657806,374552853
2,24312368724,4136126356,12639643464
antiretroviral agents,33892,8803,19400
first week of life,56723,17376,23005
reduce,182464224,15424832,62804547
willing,108983501,8389512,45474991
intellectual disabilities,689429,56939,430568
foreign bodies,357792,69358,124193
aneurysm surgery,20038,6229,8333
adjuvant radiation,38799,15523,15557
column,68361083,14293940,35325535
and,48724736878,4493028850,21553680248
dedicated,111507060,5497409,48335029
hepatic cirrhosis,37541,12701,16083
tb,9376221,1000714,1478326
nasobiliary drainage tube,382,255,74
spect study,192,14,66
anchor fixation,3215,1480,722
immunoreactivity,647634,489790,205285
electrochemiluminescence assays,454,263,173
open,558235351,48648044,224612905
- lowering peroxisome proliferator - activated receptors,0,0,0
model,427599026,69626441,159707306
heterotopic,128802,58368,50514
cpap,145706,1656,10273
sexually transmitted infections,540964,60005,280419
datscan,604,5,46
alloimmunization,35964,15345,17087
improved,93818422,12489699,36689426
gestational,3081438,805001,1002387
retroperitoneoscopic,10658,4970,3052
mic,64122067,10789816,19395462
colorectal trainees,179,36,49
allergenic pollen,7019,1229,3104
4 diagram manual,7,0,1
change,586199019,57361317,265598998
cannulae,69873,30990,21926
3,14980741817,2512644868,5572561394
physical performance,608594,84315,199752
free,1055527725,50523017,255853439
assaults,4297405,530111,2851789
inhaled,3367345,560142,1283062
radical,32340253,5820855,21900525
assessment,81476547,9354863,37094291
computed tomography,1933277,852460,804147
cytology,856388,330548,341639
accurate,87340873,7714321,30007319
states,195675806,28205271,113212691
contraceptive,2722941,422032,1326235
mediated,7180161,2985379,2976072
fewer calories,896997,35159,163537
re - excision rate,0,0,0
winter,115450976,6789973,42854954
chemotherapy,12952294,3498727,5391121
colorectal cancer,3067911,796344,1252041
affect,179939072,20058513,71489187
assisted,20863933,1801374,10423660
pain intensity,360349,146892,107419
antivenin,32859,6029,16849
call,449900257,41725285,179727163
deafness,1072789,181510,562563
home,1186034405,60766101,380718347
emergency physicians,140151,31618,77622
day,1202892918,82981951,435178281
tertiary center,34577,11709,15275
learning,277534182,15786437,99782057
myocardial,5355789,2288248,2105264
survival,48227591,11557946,22824537
radiation,31068594,7904822,17338826
growth rate,9713317,1045172,3508248
nd,230063963,27841993,104920365
ocular,3244027,932739,1159174
octogenarians,87984,19634,53364
carcinomatosis,84649,34993,27836
normalise,470442,58776,222962
globulomaxillary,665,177,207
ambulatory process,249,21,79
cyanoacrylate,170727,39536,41239
community - based,4579,213,985
paclitaxel,890283,396801,377891
hepatocellular carcinoma,1129336,424893,482169
global,260493657,18753023,141637575
joint line positions,16,8,2
physically,37248536,3546580,15125985
early,379427407,39153125,208500560
irregular,14609304,2292116,6281240
omega - 3 index,2,0,0
micro,165159094,33713542,62006281
renal cell carcinoma,540960,179543,216033
abdominal,11404752,2334599,3372058
valve replacement,462136,143807,197273
blood glucose,5554100,852938,1144291
traumatic,10083260,1172284,5000705
hiv1 / 2,0,0,0
differential,21885994,8365760,8882250
paroxysmal,407178,121391,159000
clinic,31647112,3183847,12054289
childhood,45640978,4242258,25506557
psa,392974,22439,64966
respiratory,22819220,4155084,8635124
nomograms,71939,25962,19182
atypia,185046,89643,64533
transplantation,6386378,2242717,2717531
coping style,56228,18848,19821
visual loss,176555,53680,69223
testosterone measurement,2434,622,726
30 minutes,28003467,1876519,7809317
plate clearing,672,96,143
celiac,1906379,238823,703773
lace plant leaves,157,48,93
influence,108863670,15155555,59319212
carotid artery,869504,372603,344491
children,511407500,45196796,257909784
mix,149359851,7718364,42775884
haemorrhage,809652,215905,364588
serum,24812303,9702709,6994566
presence,121847644,24973078,59388604
transmissible liability index,31,6,18
nonproliferative,30892,9703,9795
synchronous,3525159,813352,1164551
residency,11758427,693918,6709912
t1,8338580,1763086,1344170
function,446852056,90610128,179001790
younger,69739254,6163452,31752286
multi,131429409,11747726,53900077
arthroplasty,1000408,339254,362535
pta,131130,13799,26588
age - related deficits,0,0,0
uhr,53510,9200,11904
hydrophilic,1420416,645492,443430
small cell,638452,178994,318370
chest,49639485,6304047,16612647
suicidal behavior,198075,50347,116519
common bile duct,169767,70780,54188
rural location,347525,13110,99356
art glass workers,72,27,20
consultants,16302733,620916,5938642
13727,201908,19510,20575
fractures,7297015,1578029,2854292
rehabilitation unit,49085,9820,26527
allergic,13602735,1223246,3417863
fsh,153804,9121,19512
african american,690916,11381,124607
neuralgia,660790,91470,217111
retinal,4905183,1714436,1835034
practice,249825175,19840657,106232383
retropubic,68665,19024,16749
ct,5685890,546101,1118893
gestational diabetes mellitus,126792,31834,57090
global management,158869,6123,92835
blood pressure difference,5875,1816,2105
90a° of,0,0,0
transurethral,209796,66544,58230
different,1089578883,111585876,378572902
operating,120556751,10130117,52473796
relationship,264677933,21609878,94402357
hematoma,873235,308067,298175
polymyalgia,63564,9569,22928
pancreatic juice,51406,17945,15811
endothelin - 1,23,0,1
bile duct stones,34628,13827,9945
inter - radicular space,0,0,0
astrocytomas,118535,53294,51078
changes of direction,69272,8411,34129
enzyme,16290462,5903233,5502971
influenced,30639705,4035290,17070299
crohn ' s disease,3,0,0
mr,9412007,457132,1765838
atrial appendage,100253,35271,49795
decisional,204687,230379,112248
anesthesia,7068975,1351284,2207483
arms,68835614,10850743,34995979
steal,20610362,1914654,9360549
adjuvant,2528738,1015946,972372
antiepileptic,361599,106011,164407
urothelial carcinoma,175505,53401,75690
squamous cell carcinoma,1196270,450570,457078
skin conductance,80645,31583,33657
diabetes mellitus,3696691,1042875,1262480
modified radical,36195,15039,12968
amoxapine,14706,2629,4984
atresia,440295,128168,162952
dose assessment,13650,3936,8555
oncology,4206983,424162,2259683
myomas,55246,18008,13246
gallbladder,1974982,317645,523850
repair,135808250,6707623,28663249
increased,199572172,36127562,85002511
u.,9093817,2282760,3242620
pelvic,6772433,956613,1717830
calibration,10249742,2171063,3304142
m - vec,9,0,1
liver,42339988,9499539,13662291
organ,227224092,21818390,93153912
movies,99376081,4502673,48191665
bicompartmental,4736,1395,949
case,703416256,117335653,317038130
tumor,36733849,15761416,12805606
withdrawal,27096034,2245034,10290481
werlhof ' s disease,0,0,0
process indicators,26860,6980,7950
amylase,504941,154971,160346
clinical performance examinations,113,35,51
infarction,3638471,1443971,1593999
motion,81357341,26826070,38918932
acute,31716027,7700887,13967625
plaque,9656693,1403454,4030116
electrocardiogram parameters,954,480,452
cardiac,17981443,5248450,7288886
acr,347960,34602,63634
profound,25060761,2756494,15494178
information sheets,153436,13759,66358
sports,165730004,6548505,63054856
glandular cell,4081,1728,1358
tissue,63163444,16874986,20156797
radiotherapy,3574596,1236332,1316873
performance,354946849,28828810,145369189
mental health differences,1732,250,1040
predict,84382044,15048290,39130328
venous access device,7562,2029,3239
height,139718316,16384544,46561459
tibial component,26790,17711,8746
telemedicine,2332938,149272,1042650
pregnancy,49151922,5087098,16485482
aortic,4127825,1617896,1532033
female,119394719,13032202,56451684
blood,264917216,32805386,79994697
antipsychotic,1157338,300271,555497
home sampling kits,471,78,225
endometrial polyp formation,102,39,32
lower,301805244,41381596,103042521
oropharyngeal,477547,122806,168284
homebrew assays,117,18,44
phone,307701953,16896871,83525789
type 1 diabetes,2046557,295198,703125
30 - day,2179,128,232
lung,30179573,8045844,12289457
physical symptoms,850481,82182,254284
size,431933152,47331299,111704935
posterior tibial,119308,33223,37066
pain,267537738,24154231,81244050
health habits,215729,14088,65570
/,466106761,48690288,249458706
birth weight,1505253,495327,605201
wandering,8270064,940709,4096680
occupational nuclear power plant,2,2,0
imbalanced,973812,129279,335028
sexual desire,1564028,115328,409635
adequacy,2458081,456557,1513826
slit - lamp,15,2,4
technology,344210265,17894970,156334335
deflation rates,1306,175,527
reflex,9560351,1625756,3665385
appendix,4156890,989594,2109741
alcoholism,3286934,357826,1606048
depression,55339339,6069389,20510235
prime,49292725,16824540,25266774
idiopathic,1764064,512314,753947
strokes,9518287,824656,3439819
gynaecological,315892,52780,132612
real - time,6682,144,1368
month,418497275,24192962,158592803
private health,1700165,140846,936941
transmission of,6471979,1221325,3579633
replacement,75977303,12936073,21374333
lupus,3081483,563988,1313135
adrs,34829,1332,2568
differ,49588371,7850745,19266722
self - management intervention,1,2,0
911,49006223,4896431,19528251
black,338589268,32358042,139305321
lymphedema,561703,91131,210921
pseudoexfoliation,25280,9075,9194
severely injured,706781,77110,399052
adenoma detection rate,10192,3913,2873
intraepithelial neoplasia,170257,69417,76236
insertion,7700422,2532016,2876498
views,132591459,9137234,58912783
diabetes,61875949,7114628,15930257
polyvalent,127660,49080,61140
concussion,3569854,418173,2272345
magnetic resonance imaging,1981473,751189,942439
?,205819790,22055031,57766766
medically supervised,170351,5288,41368
microdose,101685,5869,24524
growth hormone replacement therapy,5483,667,1516
device,237208354,32107766,77660176
nonaggressive,37122,8551,16594
albumin,2897068,1390515,935577
locally advanced,524647,154420,222446
uterine,3576275,833393,1213920
colonic,1217279,533737,376184
complex fractionated,3850,2111,1245
cytokine,4076783,1994867,1439902
solitary,11166940,1081322,4017718
liquid chromatography,1172796,620187,449071
health system,3827035,427968,2568335
discordance,263691,100818,110047
spina bifida,383201,52669,198167
proximal surfaces,7063,2460,2245
c - kit,53,4,0
body circumferences,2940,880,773
preterm,2536881,764801,1120643
combined therapy,123046,54044,42170
more?,6823706,333851,2200578
satisfied,51505762,5356310,15998626
debulking surgery,34385,12812,12220
30,1630184914,195009458,647223163
adequate,38605031,5041229,15765570
in,29598857689,3319001010,14420300738
quality of life instrument,7447,2689,4108
obsessive - compulsive dimension,0,0,0
high risk,8564873,1169601,3395024
renal,14109910,4944229,5338058
histological features,97042,52268,33463
percutaneous and laparoscopic techniques,33,8,12
mesentery ona,0,0,0
alter,74853166,13088369,31075331
maxillary alveolar,6237,3086,1971
examination,48421906,7118419,18760311
pectins,73623,22613,22718
10a,2363314,607443,855687
carotid,2322007,971248,880888
syntax,13288693,2674482,4642304
needle aspiration,222976,80577,94403
emergency,93866232,6437520,42811165
weighted,21805434,2360029,4465566
polymorphisms,2200827,1110195,828160
community,443457175,27892579,250141674
poorer,5729903,1011736,3249209
trauma,27730805,3056254,13160192
esophageal,2358714,785492,786330
sustain,114934035,5363913,60839791
multidisciplinary,5793871,552907,2958187
pancreatitis,1904180,472526,610839
500,441056931,33805306,134961432
condylar,144592,71155,51432
sudden,32360491,4233484,15216285
silent,27589022,4408156,15164014
rugby,8986850,1099123,5609813
blood ph,32076,4636,7463
fast foods,321575,19256,74325
implantable,913764,313853,566374
impaired,11910651,2887947,5348794
netherlands,934978,8160,137231
foregut,106755,36412,39324
vasculitis,741334,224578,323918
epinephrine,1019292,250677,412272
gated myocardial perfusion,2472,926,1124
dementia,14178612,1737447,6718098
doppler,432331,48860,130828
gay,43875870,4192433,24949780
displaced,8192668,1234015,6380727
biochemical recurrence,60641,24963,19872
internal carotid artery,177713,89964,72273
infected,35193765,5663582,12778023
endorphin,303531,21980,86603
microfat grafting,660,91,208
improvements,47453813,4328532,20442166
run true,109355,3470,15448
cirrhosis,2456755,775494,982115
convulsions,1111148,175562,503400
bony defects,13483,6635,4577
stability,54443244,7856381,20480334
opioid,8416712,1095337,5205808
shunt,1534289,450141,534678
cyst,12767231,3621145,4256286
anxiety,74113365,5101392,19429940
cold,146815538,12796110,46121822
bactericidal activity,137260,58768,45901
increase,333689303,35734765,124357399
industry,407711243,16727074,173690236
discharge coordinator,1940,237,614
t - cell deficiency,0,0,0
hiatal,227122,33722,53464
vascular endothelial growth factor,475601,236566,187829
ca72 - 4,0,0,0
partial,34161760,7694034,14853462
serum lipid,110475,50906,38745
in vivo,10939949,3662181,3853880
syncope,598041,142892,244482
headgear,959271,88704,395116
ventricular,5078802,2382639,1846101
pediatric,13677298,1815412,6383833
winnipeg,271910,10488,39546
ovarian endometrioma,8398,3353,3223
hepatitis g virus,211,2,29
fluctuating levels,20410,3048,8414
satisfaction,55850602,3586002,14825335
frequency,65057685,18138219,25010791
left ventricular,1580784,857176,603768
myocardial infarction,2565972,984484,1223405
minimally,4866214,812200,1858504
adjuvant aromatase inhibitors,791,210,294
radiosurgery,297587,81373,171359
hydrocele,117788,17626,26108
affective disorder,336484,47732,125140
diffusion,9536617,3955789,4158661
disc,310548821,30791741,118784111
hyperglycemia,1382824,403820,383951
termination,14965758,2978917,8060546
deficiency,14867049,3146224,5565956
weight loss program,1444346,25400,125004
puberty,3776773,418852,1448288
tnm,36452,1713,4706
imaging,31962408,9185421,13606106
coronary artery disease,1418992,429939,611345
beta - adrenergic receptor,10,0,2
services,675236757,26194095,232680485
temporal,12977546,4304701,6370521
herpes,5899385,589311,1444900
pulsatility,74643,39390,22876
calprotectin,118654,48174,38227
nurse,29781087,2851884,12137375
parkinson ' s disease,37,0,0
cerebromediastinal tuberculosis,0,0,0
acetabulum,182366,62491,63836
pediatric housestaff,284,55,132
bathing,7595173,534436,2327569
drugs,99626464,11750996,40961233
growth hormone,2239941,299133,536259
laminoplasty,39109,18644,10414
serum angiotensin - converting enzyme,0,0,0
anterior / apical,0,0,0
bracket,13915400,1523146,4125591
atherosclerotic,977828,448061,350728
cerebrospinal fluid,958312,362556,445874
advanced,132961761,8642210,44651658
screening,52466514,6070132,17917986
minimal access,124882,8638,31820
consultation,40718724,1705365,16640753
temporomandibular joint,303548,58452,93800
optimal,42269963,6725220,12107420
ventriculoperitoneal,41941,16673,16849
ruptured,1629333,304841,731655
avascular,236883,80800,75937
desflurane,77414,28851,31004
lines,169248973,27673173,72196528
fistula,1552426,529018,539153
prosthetic valve,60734,31458,30317
hypoglycaemia,354250,107546,117860
trigeminal,643636,203469,249106
plating,3713737,619500,870084
ophthalmologist diplomates,4,1,0
lebanese,160947,2630,35922
nasogastric,212957,58146,67214
hiv,1591793,62274,235031
bone,54426135,11120954,19596027
pancreatic lipase,43897,17614,13600
glioma,1377846,655871,514476
treadmill testing,11505,4138,4905
national institutes of health,36551,718,5733
department,100360348,7836103,53490224
transparotid approach,653,317,182
conception,11521107,1984225,7160484
diverting stoma,4165,2320,738
quantitative,19092843,4263105,7221029
gastric,7556453,2534712,2194501
prostatectomy,754391,172905,217248
hospital mortality rates,7088,2771,3753
mild,41330892,4718190,13709028
choledocholithiasis,40952,17975,12172
glenoidal,1022,518,399
suicidality,322560,68107,193962
sleep,194812574,16178601,52369570
eq - 5d,0,0,0
estradiol,1401278,417396,448188
cigarette tax rate,1849,198,1137
grandmultiparity,662,238,407
sling,5498091,474432,1677854
fetal weight,62695,24849,21684
bcrabl,470,47,40
hif1a,486,47,69
hepatocellular,1442573,553624,594491
cryptogenic,87576,32654,38290
amblyopic,52329,20627,14281
based,555288895,60008137,225191037
affinity,9234972,2852853,3944509
late,227684430,23028826,121677256
nf,1376732,284572,241850
plaques,3175143,700001,1558208
negative margins,47794,16982,19064
indigenous,16054503,1374563,12098930
urinary,9262238,2035448,2820513
distal esophageal mucosa,527,181,99
margin,82904235,7465530,22974461
surge,25079110,2294808,12374209
danger,48233637,5735066,24970391
overweight,11074950,1276117,3123566
marital,9413163,1169695,3397813
virus,79339194,9763824,36066104
arthrography,44253,19539,14420
light,578947944,56934028,192398621
health - related,1000,45,276
seed,67677975,7409182,22582643
cholesterol screening,19805,2588,8296
drinking patterns,54397,14273,30063
multinodular,60158,21766,21321
sarcoidosis,593009,192443,225329
of life,101377175,9114293,48159136
laparoscopy,626243,184409,198412
robotically assisted,10821,2449,5489
carcinoma,9231276,3793211,3480787
health professionals,4849703,505472,2525709
artificial chords,521,160,190
therapy,110085364,14845414,36369680
nerve length,2375,1086,637
methoxyestradiol,231,64,108
cobalt,3574398,512441,1423149
primary,175478975,22624335,70108842
flexible instruments,6753,1229,2596
aortic injury,13490,5572,5421
temporomandibular,429700,81873,134566
antiseptic solutions,12941,1882,3047
floating,24851340,2884279,10134135
time,3139675692,258023318,1155989987
recall,40317816,5800558,21424505
elderly,28305685,3332978,13140425
vertigo,1907299,183530,593142
preeclampsia,918281,250463,369475
risk calculators,15297,3600,6251
end - stage renal,146,7,33
arrhythmia,1250347,315034,457837
fondaparinux,45288,15919,15815
tissue area,34619,19777,9887
digoxin,559661,103182,210932
department of transportation,92212,4673,64886
oxybutynin hydrochloride,2594,364,388
obstructive,3064645,714474,1250992
bedside assessment,5276,1509,1770
mossy fibers,19400,12026,7086
ace,9202831,1034820,3159363
fetal gender,7685,2981,3142
direct current,650175,180562,307590
toluene,781073,332182,339687
epidural analgesia,98625,37430,39195
transfer,142971857,16387884,55857616
tme,117325,7545,28300
ultrasound,11372803,2105014,3655476
hypotensive events,2656,804,946
internal derangement,11811,5381,5125
bloodstream,5414482,425988,1393369
newborns,3210234,458536,1276468
changes,303663564,36552548,131025062
aging,27914285,2922442,10944436
sagittal,878031,425883,284069
halofantrine,14043,4159,6476
suicidal symptoms,4445,1174,2446
continuous,51955084,9839641,20323676
cortisol,4613269,833279,1265020
single,425584590,49463271,166770806
lidocaine,928542,225050,279992
pathology assessment,4310,1413,1314
alcohol use disorder,229128,22023,100329
constipated,563814,38961,127783
breast cancer,18498637,4122766,8468376
left,499140915,64104003,243169222
newborn,14081588,1502047,5096324
smoking,44968569,5155464,14004363
abdominal aortic,249394,86739,103140
life,1034877838,74823861,452179844
distal,5603273,2533150,2267373
apache ii score,252,0,30
preclerkship,3187,843,1005
fibrillation,2258217,625280,1046724
athletes,33792920,2245132,18104894
varices,272613,105525,97454
percutaneous,1451916,601212,576242
cta,237289,18991,34903
ductal carcinoma,218118,86715,85591
hearts,38131364,2914894,15668607
performance measurement,453921,26986,195588
stroke,37205536,5408213,12818702
atrial,3462414,1214570,1442829
death,265458625,37812377,177820251
necrotizing,425623,133954,198774
lasers,5226019,754943,2270249
sensation,18147337,1652923,6494818
portable,49081540,2302734,8961229
carbon dioxide measurement,1790,406,802
fluoroscopy,379005,132706,125476
depth,79681746,9294505,33573540
nasopharyngeal,657484,204985,224365
favorable,19228951,3338818,7304042
malignancy,2621425,896137,877544
metastases,2873573,1345786,1007909
transdermal absorption,13647,2805,3031
anticoagulated,67151,25362,22461
physical therapy,4689253,272069,1418709
viral infections,1120192,215005,413203
manic,7474072,481206,2420360
mutation,13794752,4995653,5637211
nursing homes,3688357,231500,1717301
ewes,708404,145825,252551
obese,8950690,1651803,2735999
bmi,374151,30028,64491
structures,66790316,13430579,32254734
bipolar disorder phenotype,479,178,240
colorectal cancers,186293,55401,77357
efficacy,21131394,5201231,9100122
meniere ' s disease,0,0,0
steep,22805459,2371488,10729703
awareness,65671043,4246157,31627029
stretch - sensitive,0,0,0
gastrectomy,453837,166784,124775
vascularization,277595,130173,79721
implants,11691258,1221966,3269085
inflammatory,17046104,5405280,6065627
cutaneous / mucosal,9,0,7
spatial learning ability,3309,1999,1129
vertical,53500526,6290292,15873705
consume,27550764,1704071,7555604
multiple,246275267,35193419,92577931
vanishing testes,563,169,139
biomicroscopy,58534,27044,14781
open access,3000497,317407,2787627
specialty care,334748,22532,171524
thrombosis,2768167,846483,1026924
etoricoxib,165443,10065,29760
middle,157739692,15479044,71977134
hip,36326672,3715083,17183445
preoperative,2657973,1244424,768092
brachytherapy,443542,153557,176874
adult,197838971,17136690,75544021
communication,133820760,12474688,52340261
stent,3235282,1336861,1353083
infants,14364243,2858138,6407134
decrease,59359978,10399423,18563909
spasticity,618011,117695,231687
birthweights,14524,5718,6221
cancer,161444849,29148448,72442311
biomolecular identification,211,78,142
leptin,2875266,710495,459107
delay childbearing,9425,1552,5677
mitoxantrone,88912,41600,42546
neoadjuvant,733483,263177,258165
biofeedback,749779,83973,216776
human papillomaviruses,28553,7836,12521
essential,183888939,11812431,52434720
blood - brain barrier,271,64,93
oxygen,39906766,7855186,14919675
head,529277970,57753592,240554096
vasopressin v1a receptor,48,2,9
electrograms,38224,26095,14739
regional,73720186,5477453,42696776
biomarkers assessment,394,172,234
kit,64751808,3897662,13092562
high atherogenic diet,22,12,4
oral,51451518,7584111,17645358
prostate cancer,6873598,1424739,2994483
uterine endometrial,7045,3278,2351
st elevation,12132,41,465
proliferative,1192577,657890,394822
midwives,1923680,237449,1031916
effect,305478345,56151378,131051651
quaternary,832009,258607,242750
adenomas,654044,279454,242690
outlook,21585876,1076798,9139244
psychiatric,9470489,2030927,5421136
samples,82572975,22762262,27444779
living arrangement,214334,21426,82389
tachypnea,120868,30337,40091
oil,331953351,18375367,86055916
clinical variables,215772,117303,69820
intubation,1296809,432901,509287
hepatorenal syndrome,37946,10481,17367
interfering,4550358,988013,2255275
endosonography,15865,6038,3986
midurethral,17676,4349,4562
high intelligence,172390,16001,80304
strategy training,24919,2450,7711
risk,319848093,36468754,135884149
complex,188972380,30731884,86373774
plasma glucose,493954,273143,175820
fibrous,2534733,633181,817785
pcr,299270,17549,42232
psychosis,2694372,484740,1492897
oligometastases,11632,4511,3366
heart failure,6499955,1380204,2739607
kcnq1,1051,109,74
family,715657505,49428358,312934653
knee,33857693,4117373,12632728
degenerative,2558150,501959,991145
health,866386576,58354682,354260110
postmenopausal,1496381,408026,645263
low,465131514,53370536,152127591
young,340882210,30878237,190072370
cholangitis,264981,97912,111581
ivf,242772,3834,26932
surgical approach,278653,102511,85450
echocardiography and,103002,43197,36835
interventional,1651574,313597,698641
up,3340120875,259880041,1298856984
aerobiological monitoring,397,144,102
bladder,11434845,2024275,3249142
congenital heart defects,173851,28045,77337
type 1 diabetes mellitus,121078,35237,52496
ldl,342092,15266,22968
gaba,161966,4105,13027
cervicogenic,55868,5503,20419
pregnant,43817622,3735877,16077381
through,1480899985,129271846,651493390
anterior chamber,303499,131291,99764
gingival crevicular,29532,13226,12796
pancreatic diseases,26027,7126,8938
spinal cord injury,1195928,190869,618963
differences,90303172,20294745,39593551
oblique,2195783,519745,1037651
scintigraphy,328005,179822,131189
orthostatic myoclonus,172,95,50
bariatric,1577711,189299,456424
career threats,542,45,515
stenosis,2911896,1023355,953412
human immunodeficiency virus,862161,253893,470947
tracheobronchoscopy,1123,433,280
they,4286538785,345110639,1824708064
perspective,85472640,6739835,43110393
do,2979932781,266242074,1076699061
surgical treatment,1871390,384721,403657
laypersons,150711,24029,97817
breathlessness,488999,68598,172906
time of pregnancy,32906,3841,9536
km,66195444,5020304,36030303
early endothelial dysfunction,721,405,190
mammographic density,37919,15544,13819
negative,128775832,19365507,47662812
imatinib,509575,197397,223312
ascending aortoplasty,162,106,40
arthroscopy,436355,101586,150052
hypersexuality,86976,8515,29856
improvement,78718334,7913065,28087209
unsteadiness,151453,19443,56938
age - related,1117,27,136
expression,120166409,48297211,50778228
antidepressant,2713016,464031,1017084
males,34303364,4939120,10680157
follow,297513036,27031980,116229779
older,139087899,12229551,55227757
somatic,3090793,1036993,1186337
irradiation,3849146,1791304,1471430
eye care services,98194,5302,33054
modify,33871283,5506217,10751986
decompression,1668091,405476,590682
breast,65901212,9767744,22108895
unenhanced fat,77,50,41
menopausal hormone,32597,5921,16034
cell patterns,7721,2991,3160
immunoassay,685878,296029,225327
myometrial electrical activity,94,80,25
pull,106736114,9396377,37218083
temperature,146161874,25859125,47032106
ttn,60661,6660,3862
blood loss,1335986,362429,437453
australians,157010,2864,25192
posttraumatic dislocation,56,31,16
positional,2295918,603946,1018699
ibuprofen,3004455,196484,774080
thermo therapy,1334,59,227
saphenous,243233,98872,80378
sutures,1335544,326963,381061
atrial fibrillation,1667329,399362,803767
tt,3845812,631227,652260
perioperative,1218003,410374,421283
egfr mutation,885,3,78
kidney,24187647,4026684,8141315
androgenic deficiency,431,73,91
sex,245152048,17872857,67277872
contact dermatitis,442943,60611,159020
biofilm formation,551157,255133,201149
prescriptions,7730297,706248,2693873
type 1,5509573,1099973,1826377
fetuses,1315024,398691,723910
neisseria,20132,675,4124
sickle cell disease,515309,71018,286891
laparoscopic,2294901,788332,757717
intervention,40636261,8361942,21625837
sexually transmitted disease,356493,37518,145104
spinal,15418769,2994081,5864266
vitamin d,513028,3845,75680
adults,93776014,7881006,39855081
supplemental security,30810,15074,22609
growing children,168230,11557,52578
ischaemia,356282,170858,121625
thyroid,12838304,2132098,3848100
sclerosis,4640312,874091,2331947
small,658499799,62828936,244604169
testicular remnant,184,74,105
6 months later,376054,35225,107803
hypertrophy,2088459,699818,560545
mask,101680150,7764012,31829924
heterogeneity,5032351,1945588,1853509
selection processes,172597,18677,83290
grade,86824303,5769948,27865833
whites,15191729,1472762,6777261
remission,4004125,978869,1795944
septoplasty,80831,12147,15993
osteomyelitis,445734,140198,177702
angioplasty,750853,297552,327498
erythematosus,864833,237330,414408
uk,42147521,572693,6299392
fasciitis,1123192,77773,273279
routine,63369189,4803994,17451957
rich,144592486,11260954,63414045
medical education,1772860,212823,1072494
hypoalbuminemia,89995,37427,31498
nasal,8527031,1449713,2601788
106ru,16,0,1
metastasis,4973839,2536578,1491197
platelet count,585535,206366,209090
vancomycin,829535,321364,347317
duplex,4530625,605265,1017392
occult,3540345,561089,2673260
poor,159149293,20407636,77844222
premature infants,286890,73345,141368
incision site,91457,15460,20675
people,2145359597,144071807,990771354
ablation,3174587,1106301,1214123
sternal,241488,82272,78640
bubble,21736622,2155934,8484162
agree?,986826,52398,369166
endoscopy,1687727,412937,557428
mesopic pupil size,376,163,85
cognitive impairments,255817,66004,110804
acute respiratory distress syndrome,308513,73624,143758
biopsy,7066026,2188067,2345574
ventricular function,221122,111169,91905
atopic,1360354,271429,454321
stroke scale,11376,3813,5186
palliative,3452371,569056,1478144
cervical,9374506,2323329,3489367
prophylaxis,2329752,639544,1042441
tandem mass spectrometry,192512,100053,75840
ultrasonography,971546,391691,345162
publishing,32205390,2269922,20409830
csf,187606,7934,22153
cardiovascular disease,5368949,877855,2128569
anterior,9934558,3714472,3786850
hospital,144001419,16734493,74269244
mammography,1151354,225010,544511
weight status,150318,66025,59449
preparedness,4524761,302416,2618346
arterial carbon dioxide,16172,7999,6336
influence tests,1070,90,336
prepubertal,157226,67511,54680
flexion,1764086,602541,518070
steroids,19091010,821778,2977755
sheet,73756581,7158439,21503010
2 -,43227176,40416381,27241154
lesions,13046138,5151147,4624675
adjustable,28416006,956902,3960425
autistic children,489733,53865,281679
endomyocardial,49593,23922,17900
isac 112,3,0,0
mixed episode,19963,2530,7083
laryngeal,876441,298731,313303
lay people,478531,46844,348387
conservation,28431080,3173318,20818361
improving,65270238,4672482,26053326
induced,24277601,11747179,9880455
bare - metal,7,0,0
mitral,1415837,544918,540483
night,469745453,40190325,196151631
image - guided,51,2,20
french,12836114,336494,2466862
paucigranulocytic,1888,925,621
microstructure,1823108,350635,549478
extremity,2414588,631092,1046093
echocardiographic assessment,15937,6725,6146
age,339662156,40378900,157444835
congestive,1504895,266936,489281
cysts,2807910,599349,825061
british,4919513,60380,935504
ascending aorta,171539,83978,59279
laa,99100,6904,23352
2a,25398858,6762026,6979326
antenatal,1166598,316529,540051
substances,26133484,2691609,9327355
rheumatica,71008,10937,27053
imitation,5007507,512474,1993513
cardiopulmonary bypass,232855,127807,99066
transforming growth factor - beta1,11,3,5
arthroscopic,619583,169579,236816
expander deflation,66,36,21
mri,441153,18429,46510
central india,9387,75,1321
relapses,809202,183420,307731
hemorrhagic shock,95114,46383,33941
symptoms,108419434,11466600,33343463
migratory activity,12064,7262,4190
reproductive techniques,36690,7089,14398
pregnancy study groups,836,37,611
neuroendoscope,2233,1047,637
neutrophil,1745840,829902,588252
spinal subdural,3469,1600,1411
wakefulness syndrome,3774,1673,2176
mph,14300357,721963,8438513
miniscrews,17980,6909,3012
recurrence,7088227,2707394,2668029
birth,175170202,18267204,75665888
intraoperative,1313054,549922,397697
stage iii,14818,245,1240
valve repair,161618,35955,66733
double prostheses,41,24,5
point of care test,7138,1312,3166
twin,26245506,1952513,11161788
tidal,4578282,949967,2868659
anterior cruciate ligament,369625,88414,182336
hpvs,1323,70,129
low - income,2215,20,492
immunoassay method,10701,6114,3451
taking,363800658,26811471,144413267
thrombolysis,341649,139182,132472
horizontal,26663741,4431303,8723517
hodgkin ' s disease,0,0,0
francophone,382128,44291,315777
metastatic,5217163,1869436,2092231
methotrexate,1355416,270927,570708
serum chloride,7870,3346,2287
minimally invasive,2433908,356151,847853
discharging,2543325,511391,971630
managed care,970424,101782,590763
visits,40949083,3730171,20428466
high flow,639246,63148,125996
heart rate,10226485,1353733,2800637
amblyopia,283144,59648,95305
humeral,380600,129423,122401
care,600254310,46312309,233484834
torsion,2119907,956359,848130
positive,216974213,32350226,85217968
injury,101564618,14657067,46452170
methadone,1949217,216795,781239
single dosage,28335,5461,8407
androgens,831398,146007,198673
c,1938348106,222168031,630532518
teleoncology,1750,257,720
femoral tunnel lengths,75,53,6
laboratory markers,24137,9210,8113
spinal cord,6001734,1379708,2677573
medication,56041518,4014582,12391121
parents,205969811,15998237,97668077
s,1540872146,189128000,547825550
tacrolimus,453052,160428,153120
cytokines,5634258,2760802,1799339
adrb,1908,312,1032
cold preparation,2374,223,563
cardiogenic shock,194063,61151,82295
miniscrew,17212,5705,2706
mmt,135952,7307,33443
hyperbaric oxygen,210012,37415,95299
radiography,992784,262867,388622
hydrocephalus,580672,167921,264119
intravenous infusion,260722,82625,130019
cholecystitis,267046,84471,90450
contralateral,1116238,627332,319048
syringe,3493287,684107,1077161
ischemia,2843884,1479431,1004113
adverse perinatal,35753,12312,14543
osteochondritis dissecans,28450,6412,10828
autoantibody,285345,123461,113575
tone,54397537,5039654,21764276
standard textured saline,5,2,22
cardiovascular risk,1219768,382420,513708
non,539441561,90467319,254695606
opioid dependence,126356,19091,68671
rattlesnake bites,10728,1105,6597
higher,334027834,44846566,121701240
serious,155903565,13812418,72081706
forces,90640785,12069762,64076721
cholesterol,21962920,3380519,5373432
senior,100913968,7023447,58628373
adma,7212,1206,1383
july,3628675,49857,551343
topical,12773782,932561,3200044
improve,241761929,15132628,82034525
arrhythmias,1292577,362448,495849
yag,166956,16779,48037
abdomen,7566049,953200,2130538
febrile,901391,277552,452102
airway pressure,327684,94117,120908
subside,1700016,129015,561604
sleep apnea,3269287,255834,808506
bezafibrate,21399,12903,7850
nadph oxidase,1630,43,307
bipolar disorder,2752569,362987,1307831
migrate,7650735,949222,3120376
income,156693444,10961966,69442334
transesophageal,143234,62316,55235
rectal,2866097,716387,716009
1 - year,4591,351,1501
cavitation,812506,148858,230821
suspension,30160097,3506028,13438181
perioperative care,65169,14442,21861
adverse,28831151,5435467,13829776
ossification,389261,150301,177994
anorectal,192732,56476,60904
care benefits,372560,32415,188637
young children,11693793,820297,5236887
tympanoplasty,41738,12427,12318
algorithms,28376241,4538506,11052142
antireflux,47473,19457,15132
men,400464201,49240487,182126576
gastrointestinal,7507847,1586796,2692310
survey,95093858,9640442,47348610
folic acid supplements,42960,5515,20088
understand,437958358,30822538,153915166
i - 123 - ioflupane,0,0,0
centralisation,240554,27749,173303
blunt trauma,150368,44880,68176
vitiligo,612515,92601,225293
zero,80897216,14373545,32355910
transient,8742933,2820902,3589863
care needs,1987565,120216,690438
folic acid,2045753,243094,627214
introspection,1853441,167922,936764
difference,206464907,28339698,77513998
bile duct,971281,329295,331619
7th,61153684,6218653,43194527
maternal,11562368,3024144,6334480
spine,20675719,2376704,6990874
endarterectomy,155507,63424,70503
euthyroid,148911,61539,52888
asthmatics,284906,87893,92927
obesity,19007955,3421104,7342366
rural,50757741,4352502,30792224
response,243675946,39830819,112732236
vitamin d deficiency,27918,219,3459
laser,44152371,7313288,13890386
incomplete,13597293,2167519,6275165
bcr,94248,20353,25188
pa,53462758,6708939,18705688
european,6825344,121434,1072094
fibrosis,5702622,2012163,2350538
postpartum,3915343,526851,1360883
misty,1621055,177693,750528
sputum,1152282,399957,390595
ischaemic events,12423,4651,5814
severe,76120583,10417987,31990284
unresectable,339569,109500,148576
(,9009788380,1839808548,6033159162
positioning,19117534,2019550,5731698
non - francophone,1,0,0
mortality,26659810,7640877,13778280
dogs,89655223,6127052,26671772
chronic,52836232,9120502,20722537
over,2311458593,216842117,1045630833
retromandibular,9445,2247,2633
enhance,83682546,4836036,24426316
rare,84675060,8077691,38705443
drinking,55089124,5013908,22171007
african americans,119089,2452,33091
phonological awareness,136667,17866,50698
analgesia,1356111,443147,520918
vascular abnormalities,40351,16265,14554
histologic evaluation,20104,10206,6729
hypertensive status,4321,2323,1545
aneurysm,2114821,681428,840019
leuprolide,52756,14091,19740
cervical nodes,10770,3663,4399
quality of life outcomes,33546,7347,17110
systemic,16022033,3524246,8206368
microparticle,89195,42278,37075
barthel index,1370,141,271
posterior mandibular sites,38,22,17
stimulate,15200408,1522151,4941889
block,201397248,23106048,74149892
resistance indexes,2138,1258,588
rodent,3317429,622200,1092009
achilles tendon,105648,5493,23512
left hemisphere,274877,117474,124920
antibacterial - loaded hydrogel,0,0,0
9,12023704425,1837931440,5682205755
preoperative education,6364,1739,1817
gemeprost,2919,1292,825
centre,84694477,6153533,42639776
colonoscopy,1595458,299476,489115
audit,24911754,1482861,11767061
fractional,4530653,1401580,1837160
mechanical alignment,11560,5706,3855
multidetector,77939,33012,32134
hepatic arterial,32556,20611,10304
pretreatment,1979973,875455,628713
spondylolysis,45974,12433,13603
apoplexy,156993,39960,92415
macular degeneration,1252747,142949,545455
11 - 14 weeks,148,17,46
homocysteine,714420,204139,302478
tinnitus,3310105,336672,918874
bone infarcts,1569,571,1096
prostate specific antigen,84479,31907,31416
aganglionosis,12612,6451,4724
dickkopf - 3,0,0,0
subfoveal,41622,20547,13200
fracture,10464049,2349832,3948550
outcomes,72714255,9022971,28325351
semicircular canal,57955,24222,24223
- miller syndrome,0,0,0
endovenous,57736,8207,16707
risk stratification,395521,133332,146830
rheumatoid arthritis,3463742,573949,1471940
lumbar,4726019,959137,1235430
running speed,279009,41134,74357
clearance,19205320,2210712,6580567
benign,7288042,1637230,3190139
terrorism,15843090,1862085,14766333
transcranial,433868,133029,226174
second - look,133,9,45
prefilled textured saline,24,13,74
posterior choroidal,2894,1212,1749
prescribing,4389237,596781,2543148
conscious state,92594,19700,49661
higher / lower,2394,129,488
leaks,15183888,937737,4360819
inverse equity,705,145,393
hepatitis,7374691,1708033,3975641
somatostatin,384666,189863,129340
isoproterenol,163421,115309,54813
endocarditis,712470,197731,284409
insert,38572454,6914426,12019345
nhs,1549386,6207,93482
association,58460504,11588460,29940697
urticaria,616851,109279,257535
enemas,411469,34954,100757
ethnicity,8332613,931238,4934333
middle turbinate,21805,8282,7881
insulin resistance,3321322,884745,925505
2nd,88584520,6489094,49047437
node,69347211,15724669,26566167
kenya,4270950,7582,187119
hdl - cholesterol,1,0,0
ill,163243271,18447229,82033156
bleeding,19537180,3062699,6880780
2015,238151252,29181551,243222029
hepatocellular carcinomas,46092,23409,18407
pap,17727287,2756314,7653654
healthier lifestyles,142535,7937,67764
vaginal,8599990,1133994,1945457
lymph node,2229292,1032692,718845
peripheral,14197808,4891465,5592720
worse,90376188,8746659,39695520
irritable,2684400,258982,834626
warm,149424933,9208424,44098769
4,12959858313,2107418976,4695205773
corticosteroid,1391724,295225,449941
thrombocytopenia,1120150,310460,477885
missed,69945509,5573714,31114632
to smoke,3995517,339199,1144765
perinatal education,2717,222,1181
hernia,2482843,436279,779786
